{
    "distancia_minima": 1.9002923751652272,
    "largura_corredor_horizontal": 0.6666666666666666,
    "largura_corredores_verticais": [
      1,
      2,
      1,
      1,
      2,
      1
    ],
    "num_carteiras": 6,
    "num_fileiras": 7,
    "num_iteracoes": 3433,
    "num_nodes": 6,
    "numero_alunos": 20,
    "resposta": [
      [
        1.0,
        0.0,
        1.0,
        0.0,
        0.0,
        0.0
      ],
      [
        0.0,
        1.0,
        0.0,
        1.0,
        0.0,
        1.0
      ],
      [
        1.0,
        0.0,
        1.0,
        0.0,
        1.0,
        0.0
      ],
      [
        0.0,
        1.0,
        0.0,
        1.0,
        0.0,
        1.0
      ],
      [
        1.0,
        0.0,
        1.0,
        0.0,
        1.0,
        0.0
      ],
      [
        0.0,
        1.0,
        0.0,
        1.0,
        0.0,
        1.0
      ],
      [
        1.0,
        0.0,
        1.0,
        0.0,
        1.0,
        0.0
      ]
    ],
    "status": 1,
    "tempo_resolucao": 1687
  }